tree_id,tree_name
0,2791
1,6772
2,10767
3,13192
4,1799
5,24377
6,13381
7,10756
8,3289
9,24364
10,24365
11,19162
12,16367
13,2226
14,23379
15,33669
16,23377
17,2294
18,5841
19,23773
20,13509
21,41119
22,23381
23,2224
24,3356
25,311
26,25587
27,3218
28,24215
29,42538
30,5843
31,19156
32,12957
33,17904
34,4167
35,4613
36,31900
37,44566
38,18082
39,10139
40,21607
41,2316
42,3256
43,14899
44,2345
45,19163
46,1851
47,4534
48,2144
49,12949
50,2589
51,247
52,19588
53,15413
54,3655
55,2042
56,1301
57,6443
58,2143
59,2062
60,3954
61,3381
62,286
63,2314
64,38341
65,37413
66,31962
67,3375
68,207
69,3251
70,15864
71,12956
72,25103
73,36487
74,36861
75,38338
76,4509
77,407
78,3121
79,8900
80,36992
81,18826
82,37481
83,25490
84,534
85,724
86,15777
87,7401
88,25266
89,19792
90,4717
91,862
92,688
93,2429
94,2459
95,2584
96,40560
97,42624
98,1343
99,3361
100,1953
101,7679
102,2405
103,3556
104,44942
105,129
106,535
107,26026
108,1951
109,18068
110,1565
111,3840
112,15766
113,7403
114,3362
115,3311
116,34144
117,18823
118,3590
119,897
120,722
121,820
122,9698
123,2254
124,18820
125,4784
126,4657
127,12078
128,4823
129,16389
130,1298
131,18824
132,20415
133,632
134,44472
135,24068
136,382
137,39694
138,23899
139,18818
140,1952
141,3866
142,19552
143,4544
144,42421
145,9860
146,25665
147,34231
148,10943
149,2145
150,11212
151,14604
152,36993
153,231
154,1095
155,14175
156,36544
157,230
158,32176
159,6122
160,4204
161,1516
162,24239
163,20848
164,20647
165,22856
166,3985
167,12323
168,712
169,10674
170,36545
171,16769
172,10944
173,30367
174,10279
175,5228
176,802
177,199
178,18357
179,8383
180,32089
181,2647
182,16771
183,23761
184,4353
185,39146
186,2116
187,37862
188,8510
189,30796
190,34537
191,888
192,44493
193,2325
194,1273
195,7409
196,23901
197,9336
198,406
199,687
200,4256
201,2090
202,34161
203,4775
204,4907
205,201
206,16440
207,12336
208,36551
209,1539
210,5521
211,31070
212,23763
213,4598
214,912
215,462
216,25511
217,30074
218,321
219,11978
220,1275
221,2267
222,4771
223,11159
224,131
225,24309
226,12965
227,44859
228,42989
229,36552
230,25667
231,18425
232,31039
233,3054
234,3032
235,3183
236,9967
237,8517
238,1606
239,8381
240,23764
241,3904
242,7733
243,4162
244,23025
245,1875
246,18070
247,10804
248,14184
249,39278
250,10942
251,19765
252,Ifloga_1
253,Euteleostomi_00390000008325001
254,Iochroma_1
255,Anabasis_3
256,Drosophila_00050000000186002
257,Drosophila_00050000017071001
258,balibase_RV12_BB12010
259,Drosophila_00050000014002001
260,Psorothamnus_2
261,Trimezia_9
262,balibase_RV62_sh3_1_ref6
263,Dianella_2
264,Blumea_3
265,Vanilla_4
266,Onopordum_1
267,Syagrus_5
268,Euteleostomi_00390000003705001
269,Euteleostomi_00550000074475003
270,balibase_RV11_BB11023
271,Annona_7
272,smart_WSC
273,oxbench_82t5
274,Sopubia_4
275,Sopubia_1
276,Kyllinga_2
277,Silphium_2
278,smart_IFabd
279,Drosophila_00050000022989001
280,Drosophila_00050000016615001
281,oxbench_66s5
282,Euteleostomi_00530000064506001
283,Byrsonima_2
284,Myrica_10
285,Drosophila_00050000015978001
286,balibase_RV12_BB12017
287,Dactylorhiza_2
288,Drosophila_00050000003802003
289,Salacia_2
290,Aesculus_5
291,Dendrophthora_2
292,balibase_RV12_BB12011
293,balibase_RV40_BB40005
294,Chimonocalamus_4
295,Drosophila_00050000001592008
296,Elephantopus_3
297,Peniocereus_2
298,Drosophila_00050000017161001
299,oxbench_294
